ID,Name,Phone
2765806794,Zen Toro,(808) 721-4456
2766682645,"RIB RANCH BBQ, INC. (A CORP)",(818) 884-7776
2766682661,TIKIYAKI GRILL INC,(714) 608-4598
2766682685,"BRAISE, INC. (A CORP)",(408) 294-2919
2766697096,Turquoise Restaurant,(310) 403-9417
2766697107,Covina Burgers,(408) 823-8502
2766697147,Souk Dari LLC DBA Industriel,(760) 808-6706
2766697160,"FLYWHEEL COFFEE, INC.",(415) 682-4023
2766768230,Tea Rush Cafe,(909) 598-5190
2961917846,The Garden Cafe,(310) 788-5188
2962386308,Mi Corazon,(323)578-5543
2962386397,Swirlz Creamery,(626) 872-2017
3111473646,Real Pie Company,(916) 838-4007
3141389559,Tam Commons Taproom & Restaurant,(650) 773-1866
3295580064,Badge Frame,(909) 591-3033
3362237197,Caffe Sport,(415) 981-1251
3794647980,Uncle Boy's,(415) 742-4468
3828439756,El Jardin,(831) 477-9384
3828621754,Ramen Okawari,(951) 680-9411
3829424217,Nona's Italian Deli,(805) 770-3665
3884556528,Red Panka,(909) 792-9300
3889030227,Pedro's Cocina,(707) 678-4633
3892672529,Mr Kebab,(510) 324-3035
3892702566,Healthy Creations Cafe,(760) 479-0500
3913222187,Patco Jewelers,(805) 962-7200
3921421686,Century World News,(310) 866-1766
3924933144,JSPECK INC.,(916) 492-2613
3925709232,Sushi Noguchi,(714) 777-6789
3926609957,Happy Lemon Danville,(408) 216-0232
3926898526,"LOUIE, HANSON",(707) 746-7813
3944374255,Den Mobler,(323) 522-3191
3944482728,Just Trains,(925) 685-6566
3945121466,Plentea - San Francisco,(415) 757-0223
3951169164,Mangy Moose Cafe,(209) 239-1958
3952184726,Original Mona Lisa,(909) 335-0818
3952184918,Taqueria Los Padilla,(818) 369-7801
3957317520,Elegant Textiles,(909) 885-7226
3962866606,Petali,(916) 330-1595
3974328750,Dairy Queen,(916) 489-4473
3975103010,Patty's Original Cheese Zombies,(925) 446-6377
3980303985,Trinidad Bay Eatery And Gallery,(707) 677-3777
3980433271,Designs In Gold,(805) 693-8700
3980433372,"Hanton International (USA) Group, Inc.",(323) 318-2584
3992091111,DoWell Dental Products,877-373-8904
3992523259,RSD Alarms,(951) 684-3858
4011759044,Go Get Yogurt,(619) 448-4525
4017913132,Rolling Zone Creamery,(424) 204-6286
4017914905,New York Pizza Department,(951) 493-6789
4018109920,Banana Bay Restaurant,(626) 593-5155
4023666403,Susan Bacchi Design,(650) 814-1480
4031038823,A Tea Thing,(818) 836-2021
4037892566,YES! Embroidery,(818) 928-3801
4060512074,Teo Chow Noodle Shack,(510) 657-2800
4060607571,Coffee Catz,(707) 829-6600
4068515135,Geoffrey's,(310) 457-1519
4082419952,Alkaline Water Mart,(909) 244-9002
4082868825,Italia Deli & Bakery,(818) 991-4838
4090639829,You Send Me,(510) 540-0671
4090760800,Kingsbridge International,(805) 527-8888
4098955363,Pittman Products International Inc,(657) 275-9100
4099073141,Eboshi Ramen Bar,(310) 325-6674
4132544892,Electro-Mech Components Inc,(626) 442-7180
4137937105,"SONOMA PLANT WORK, INC",(707) 588-8844
4162315985,Bliss Cafe,(805) 547-0108
4181279024,Ortega's Cocina,(619) 222-4205
4189891808,Golden Gate Optical Manufacturers,(510) 887-1737
4190652154,Subway (Fast Lane),(707) 328-6192
4190742488,3rd Avenue Sports Bar & Grill,(650) 340-9872
4209900823,Whitecaps Pizza,(530) 546-2200
4210449386,Scansite Inc.,(415) 488-9500
4232161003,AB Supply,(510) 651-1914
4233027993,Roots Cafe,(562) 403-0033
4239519984,FreshStor,(800) 574-5456
4268033749,Sam's Bann Thai,(951) 742-7694
4319436842,LA Prints,(310) 657-8058
4423974129,American Material Company,(951) 674-1160
4430794053,"Subway - Subway Sandwiches Livingston, Inc.",(209) 676-4394
4452364136,Captain Jack's Stronghold Restaurant,(530) 664-5566
4452535478,Shock N Awe Prints Inc,(408) 440-1773
4453435302,Fire & Dice LLC,(818) 914-4538
4453435584,ISI LANDSCAPES INC.,(661) 645-7043
4453599217,"ROMO, MANUEL",(209) 201-1255
4474899030,Tajen Graphics Inc.,(714) 527-3123
4480302488,Vitaly Caffe,(714) 662-5500
4484642392,GSL Data Solutions,(415) 421-6900
4507360243,"BATAL ICE CREAM, INC",(858) 361-9369
4544702768,WaBa Grill,(714) 695-9700
4548273306,Tantardini's European Bakery-Deli,(530) 645-8958
4576862648,"CONCEPTIONS CHILDREN'S RESALE, LLC",+1 (619) 596-2229
4583086359,CAFFINO CUP LLC,(408) 921-3740
4583916038,"Trystology, Inc",(888) 801-8952
4583917915,"KIZLER, JOSHUA",(650) 451-3680
4589460002,"TAQUERIA 2 GALLOS DE ORO, INC.",+1 (831) 753-6420
4589663047,BOCA ENTERPRISES INC,(310) 459-7259
4590710714,"Unlimited Electro Automation & Controls, Inc.",(619) 423-8081
4607235357,"DEL MAR RESTAURANT GROUP, LLC",(909)797-1221
4607484244,"WEINMANN, KURT (PARTNER)",(916) 334-2926
4613755637,DELICIOUS AT THE DUNBAR LLC,(323) 298-0445
4613791950,PP & AK INC.,(626) 333-7222
4624600859,"Jones, Kevin",+1 (510) 471-8070
4630713486,LA EMROIDERY INC,+1 (323) 583-8889
4630992776,"Cortes, Vidal",+1 (323) 583-8889
4635958692,Thumbs Up Burger,+1 (707) 837-7443
4640083210,"LUU, QUI VINH",+1 (530) 888-6190
4660590899,Prime Supply 1,+1 (951) 427-5711
4664553168,"CAFE CIRROC, LLC",+1 (213) 312-7788
4664915307,Cafe 12:2,+1 (559) 781-1774
4681146567,Truxel Papa Murphys Corp (A Corp),+1 (916) 924-7272
4681601653, Gosal Inc,+19169247272
4683226656,Atlas Labs LLC,+1 (949) 892-5263
4692044303,Hot Rod Cameras,+1 (323) 230-3589
4695709404,SHEER PLEASURE BRA ENTERPRISES INC (A CORP),+1 (626) 967-6256
4696242161,Napa Music Supply,+1 (707) 265-8275
4705691915,"HIGH DESERT MEDICAL & SLEEP SUPPLIES, INC.",+1 (760) 375-3680
4705729329,Shivron USA Inc dba: Subway,+1 (916) 361-2606
4712098751,"UPPER CRUST BAKING COMPANY, INC.",+1 (530) 750-1180
4713750312,"S. KAUFMANN, EYAL",+1 (510) 207-9020
4717725420,"SHERKASI, KEN",+1 (916) 685-8837
4718047954,Optimal Rehab,+1 (909) 390-9111
4718098193,Optimal Rehab,+1 (909) 390-9111
4724743108,Garrett's Old Fashioned Restaurant,+1 (805) 569-0400
4725397421,"MORITA, ICHIRO",+1 (408) 374-6622
4725479615,Archie's Hardware,+1 (760) 376-2426
4751762279,DymaTech,+1 (949) 386-7398
4751790981,Stirred Roasters Coffee House,+1 (562) 402-2062
4752063672,Smokin Bowls,+1 (916) 521-7710
4766810755,Growing Roots,+1 (562) 773-7027
4766851374,J Valentine Inc,5625313538
4779389751,MedEquip,+1 (805) 449-1699
4780013568,Lan Venture Group LLC ,+1 (818) 701-0211
4798006326,American Video Systems,+1 (707) 542-2410
4798119329,Water & Salt,+1 (916) 222-2301
4798566533,Kriphora Inc.,+1 (909) 673-1988
4799511373,Spot Enterprises Inc dba: Fatburger,+1 (818) 989-2695
4814113553,Barrio Bro's LLC,+1 (619) 955-5995
4823504045,All American Fire Systems,
4843579753,Tom Floral Inc,
4845002541,"KHATIB, YOUSEF",909-567-0196
4850734595,"THOMPSON, NEIL",+1 (760) 464-9344
4883628428,Deemers American Grill,+1 (949) 425-8770
4883678177,Executive Surveillance Service,+1 (818) 541-1091
4883742160,"Abv Group, Inc",+1 (747) 237-7819
4883872887,Roommates Inc,+1 (323) 262-8816
4888859248,Lux Doors Corp,(323) 530-0580
4888859419,Textile Collections Inc,+1 213-744-9400
4892450879,Quickly,(415) 819-8288
4906255208,Submit Express,(818) 567-6170
4946325113,The Bike Palace ,(310) 832-1966
4946631060,Glowing Juices ,13106993638
4954047152,NORTH VIEW INC.,909-224-4777
4970384336,Turquoise Restaurant - 2020 ,(310) 403-9417
4975808852,In Your Place Furniture,
4988818957,Belts.Com,(714) 488-0900
4990172727,Shara,(562) 481-6707
4991000072,Minitai LLC dba Homestyle Hawaiian,
4999019820,JASMINE BAY INC,(562) 618-9503
5000140620,The UPS Store,(831) 682-6817
5000654445,Davis Creamery,(916) 204-6173
5008574667,Aesthetics Systems USA Inc,9515474903
5024440738,Rags To Stitches,
5038972209,Mamma Tanino's Ristorante,(707) 364-5559
5049942765,Kachi Deli Cafe & Grill ,2135689832
5053140691,Adonis Mediterranean Grill,(951) 691-7171
5065236764,Chicken Lisa's,
5065358213,Nor-Cal Hobbies,
5080864948,Bruchi's CheeseSteaks & Subs ,+19167424263
5103917856,"Margot, Serge",
5103932353,"Shinki, Inc dba: Street Churros ",(626) 872-2557
5105438324,"Pescados y Mariscos Hector’s, Inc.",
5108192605,Con Amore Ristorante,(951) 963-4335
5108583642,Tummy Stuffer,(714) 776-9200
5108827608,BH Tech Connection,
5129225514,R/C Country Hobbies,(916) 801-2959
5129750560,Flame of India,(916) 225-2496
5150391834,Hollywood Family Cafe & Catering,(209) 607-8568
5152863464,Brian Marki Fine Art & Framing,(760) 327-5777
5186180029,HD Hookups,
5190421989,Airpath Communications,(209) 604-6690
5190694917,Commcell Inc,
5199606068,The Poke Place ,+19099899021
5208908557,Frasca Plumbing,
5221132825,Subway,
5223045689,The PowerShopper,
5229383811,Squeeze,(916) 704-7180
5229505379,Desco Tools,
5239312448,Simpler Life Emergency,
5240225771,GEI Inc,
5249600932,"Monsoon Season, Inc dba: Meccha Matcha ",(562) 233-9985
5249600939,Toast Cafe ,+18182129539
5256017305,DANIEL STEDNITZ PLUMBING INC,
5256027835,Yui Marlu,(916) 390-8053
5256801603,Dr Goodpet Labs,
5257378204,AJ'S Fish Market,
5262505731,Pacific Construction & Radiant Heat,(530) 320-6288
5263218506,PACIFIC COAST PLANTS LLC,(714) 865-3481
5263241249,BASKIN-ROBINS,(909) 843-5762
5264319305,The Slice ,(424) 382-7073
5268172924,Subway,(510) 209-5497
5268904516,Pineda's Sewing Contractor,(323) 719-5281
5268988356,Alphagraphics,(707) 299-0689
5271047435,Linco Custom Picture Framing,(909) 972-0244
5289973844,Parker Printing Inc.,
5296774061,Sankranti,
5301531079,Sebastiani's Italian Bistro,(714) 724-1226
5301800572,"ASFAW, BERHANU (PARTNER)",(310) 877-3530
5307739000,Water Heater Experts,
5338891241,"D & S ELECTRONIC PROTECTION SYSTEMS, INC.",
5340246693,Baila Floors,
5340477105,Chef Ming's Kitchen,(626) 586-4200
5346862483, PLUSH DIGITAL,
5349292746,The Galley Fish Tacos ,+18182945002
5349318125,The Green Bean,(323) 533-9801
5355202975,Big Bear Boards,(267) 566-8838
5355680452,Swrve,(323) 842-5173
5356446814,A Superior Plumbing,(714) 709-3225
5356447722,LA PERLITA MEXICAN RESTAURANT,(760) 534-9271
5369891615,"CAMPOS, ARTURO",(619) 455-1820
5387291965,"e-dustry, inc.",
5392004817,Pho Fresh,(916) 307-9901
5394125697,Everest Indian Restaurant,(707) 342-1963
5399428611,Mambo Trading,
5399721164,Turbans For Tots LLC,(530) 949-3464
5413724437,Uncle Henry's Deli,(562) 413-3935
5414180853,EL CHEF TACOS INC.,(949) 464-8226
5432134010,Meter Valve & Control Inc,(925) 519-4718
5442812783,Cox Rooter,(619) 440-4424
5444027382,Bubba's Restaurant II,
5444027596,"ADORATIONS, INC",
5444442438,Bolsa Ba Le Inc.,(714) 494-5050
5449031631, International Pet Apparel LLC,(949) 335-2832
5453595363,The Green Fashion Nursery ,(650) 348-3813
5517792073,Aldea Home + Baby,(415) 652-7851
5530005139,Goodlife Cafe & Bakery ,7073573655
5531731354,Gino Development Inc.,
5531752062,Misty's Consignments ,760-396-7252
5531771147,Bakery Grounds LLC dba: Cake Among Us ,+19092252193
5531780231,Loveland Violin Shop ,17075269777
5538083729,Sudz cyber Laundry ,+18317477575
5540710073,"Savell Brothers, Inc. dba Poulet",
5547194000,"BAY LIGHTING SUPPLY, INC.",
5556967485,Southland Carpet and Flooring,
5557628245,Emergency Plumbing & Rooter Inc,
5573291646,Super King ,6615436189
5573291650,Milestone Running Shoe Store ,+18583732310
5573291651,HoDaLa,+14156760588
5573291667,All Good Living ,(510) 522-6288
5573487287,Prentice Gallery ,+17078138316
5573845350,FroYo Love ,+17605608091
5573860502,Peace Love Culinary Artistry LLC dba: Partake Gastropub ,7606129904
5575090324,530 MEDIA LAB INC,
5583689903,Burger Mania ,(909) 238-5729
5586270480,Eagle Rock Poke Shack,
5597829453,New Flow Plumbing and Rooter Inc,(818) 538-4958
5603814533,"D PLUMBER, INC.",(209) 914-8608
5608207783,Zola,(650) 906-4485
5634474935,MA PRO CARPET INCORPORATED,(323) 788-6987
5634759595,Acuna Restaurant Enterprises dba: K Taquiza ,+17604600793
5634836251,Lancer's Bar & Grill ,+15599705128
5635316042,Rascals Ladies Boutique,
5644903587,SOCIETY RIDESHOP,
5646819460,BEA JABLONSKI  DBA:  Keeping Score Custom Lettering,(714) 393-3705
5652866145,Corn N Crab ,+18185939745
5653358885,Tom Yum Goong | Thai Restaurant,
5655223850,Juicy Burgers LLC  DBA:  Juicy Burger,(661) 204-0885
5661803141,DNS CONSTRUCTION INC.,
5663766060,Susan Stewart  DBA:  Strapping,
5669590927,Garcia Plumbing,
5671865719,Many Many,
5673049136,Il Canto Cafe ,(415) 376-4165
5673059841,Alan Graham Motoring Accessories,null
5704822558,Mountain Gardens Nursery & Pet ,6613317138
5704828424,Bat Comics & Games,
5714613127,Dba The Fabulous Rag Boutique,
5723401321,Kenneth Foster III DBA:  Orange County Hose Company,
5724488850,Native Boutique,
5724578186,Teriyaki Station LLC  DBA: Teriyaki Station Atbp,(916) 608-4567
5737484884,Jatagan Security,
5751836301,Yarnal Jewelers,8054550099
5751877266,Taco Nazo ,6264826973
5756125252,La Nortena Bakery ,6618654602
5756242027,Ursula's Costumes ,(747) 206-5304
5757716325,"W. & J. Management Co., Inc.  DBA SUPERIOR THRIFT",
5757761878,GFX MARKETING CORP,
5758041182,Lalo's Tacos ,6196740201
5758371988,IMPRESS COMMUNICATIONS INC.,
5758748829,Hanabi Japanese Restaurant,(831) 682-7714
5772491355,Palermos,(925) 787-8126
5772512163,Definition Audio 3,
5774535939,Cafe 126,
5777695829,Reubeth LLC  DBA: Tracy Quickly  &  DBA:  Quickly Patterson,+12099147966
5778421311,Cornell Winery & Tasting Room ,+18058071189
5778825036,Centro Basco,+19094145320
5779539597,World of Wheels ,2092044855
5779549755,Denis' Country Kitchen ,+12093299820
5779616168,Tasha Apparel ,+13233810603
5779618342,Grinders Pizzeria ,4152690579
5779659629,Gold Link Co ,+13238760984
5789636096,Mistura LLC,
5791717926,Little Jewel of New Orleans,
5799603546,Stix Eatery,(925) 586-8657
5800905117,The Sweet Art of Cake,6504552381
5802404014,The Harp Inn ,(949) 378-2074
5823267594,AM Donuts,
5825837732,Wiggle Bicycles,
5827931485,The Mandarin Restaurant,(916) 508-4611
5831564127,BOB'S RANCH HOUSE,7608037457
5838113117,Pizza Q BBQ ,(909) 533-4093
5838141613,Ice Cream Chef ,9092701570
5838259821,Rodolfo's Cucina Italiana ,+19516400734
5851377574,Backyard Bayou,+15108829913
5851442707,Rogiani Inc,
5852041533,On The Wall Gallery & Frames,
5864403750,Sheervision Inc,
5871076774,Orchid Thai Cuisine Inc,
5890027929,Bellflower Music Center ,3107381585
5891372688,Bc Imports Bc Mini,
5903533841,RGB LLC   DBA: Quickly Atwater,+14084668583
5913430111,Our Place Restaurant ,+19512171339
5922226609,Big Burger,(925) 550-3157
5923122980,JJ's Cafe ,+15039295870
5924787487,Rogiani Inc,
5924919149,ELMWOOD STATIONERS,(510) 612-5009
5932158998,Ruben Zacapa  DBA: El Charro Mexican Restaurant,
5947290236,Spoke Bicycle Cafe ,8186136141
5947329610,Halby's ,7609224514
5947336052,Woody's Classic Grill ,19092478753
5951731317,"PRO-MART INDUSTRIES, INC.",
5953618827,Egoods Supply Inc,
5953646082,Itad Solutions Llc,
5954583909,Grails SF ,4156096616
5954583914,Davich Optical ,2133866177
5954608519,Avasco Medical Supply ,(805) 522-5333
5963357601,Chubb Accounting,302-476-6121
5964557909,Rincon Sabroso Restaurant ,+16506694270
5970539380,Bmobile Wireless Inc,
5970933319,PBK America Inc.  DBA Cotton Theory,(000) 000-0000
5973387154,Pairings Wine Bar Restaurant ,+14153011122
5981198390,Carousel Drive In ,+16612038969
5981368609,Chili John's ,null
5983825000,Via-Mar ,3237020463
5983859577,Mexico Lindo ,+14088586512
5993620307,Valley Photo Service,+18182706923
5993628068,El Jarro ,(925) 283-6639
5993636201,Eat Drink Americano ,+12132481600
5993933400,Cupertino Bike Shop ,(408) 255-2217
5993979920,April 8 Cafe ,5106953339
5993996302,Bravo Taqueria ,510-896-0105
5994247271,Avia Dynamics Inc,
5997164124,"AUSCO, INC",
6015955808,Luke S Grill,
6024308248,Mirage Liquor,(619) 328-7698
6032658450,Ramen Okawari ,
6032889905,Underwater Depot,
6032902558,Wähfles ,9095252347
6057504518,Kent Sports ,(818) 725-9720
6069391798,Boonville General Store,
6069639833,Little Roots Toy Shop ,2097430284
6076420244,Newport Watch Jewelry Loan,
6086633048,Style Home Theaters ,(888) 988-9598
6086636433,Thai Tangerine Restaurant ,+15622793927
6096776989,Newport Consulting Group ,+18887828338
6097130649,Newport Center Pharmacy United Drugs ,(949) 640-1320
6118741405,"Arjj, Inc dba: The Quilt Show",
6145405792,"Michael's Liquor, Inc",3109854313
6187888720,"Be Choice, Inc",646-226-0372
6212227610,Mentrup Group LLC,13107218910
6292577174,Inklings Printing Co,+18057362737
6361045600,Oeno Vino,(323) 662-5556
6361045601,California Scratch Pad,
6361819161,Fiesta Mexicana,
6361819162,Yui Marlu Inc,
6361852703,Fierro Gomez Abdiel Nerando,+19495449760
6361914467,Mr Banh Mi,(415) 317-3292
6361943433,Mentrup Group LLC dba Stella Coffee,2138198787
6361943434,Simple Shade Inc A Corp,(805) 207-6624
6361977127,Global Supply LLC,
6362002047,Okayama Express,+16462260372
6362002048,Inklings Printing Co,+18056860705
6362054548,Blue Enclave LLC,4153051421
6362078984,BBM Unlimited Inc.,760-985-9787
6362200704,Michael S Liquor,
6362238591,Los Molinos Hardware,
6362238592,Task Gloves Corp,
6362325942,Cat Therapy,(805) 403-4409
6362700919,"MARVI LAND, INC",(424) 757-3060
6362702340,HD Hookups Inc,+1 858 699 3235
6461921387,Rasha Professional A S Llc,
6462417562,Box Pack Ship Llc,
6533448053,"Reyes Alfaro, Xenia Y Ind",
6539027313,"Lopez, Juana",
6544201735,FM2 Corporation,7149329503
6579061315,"BORTHICK, CHERYL",+17603766131
6579198779,"Big Sur Adventures Inc,Big Sur Adventures Inc And Or,Big Sur Furniture,Big Sur Furniture Inc",
6596683635,"Guerrero, Margarito",0
6597118637,"Dixie Frank-Hall, Inc.",
6613894181,"Young, Pamela",0
6619575093,Fourscore Ventures Inc,
6619838304,Poke Theory,
6620028764,Carl Dykema DBA Exotic Gardens,
6622281765,"Poke Fix, LLC",0
6622335823,"Estes, Ryan",0
6627262631,Arctic Fox Shaved Snow And Desserts[Glow],
6635426600,Jonathan Larios & Johny Omaga Partnership,
6635471937,"Gutierrez, Jose (An Individual)",
6641115140,George Mitchell DBA Burger Box,
6642015763,Artisan Moss Llc [Glow],
6647966982,DIEGO & SON PRINTING INC,
6648512806,"ROZENTAL TRADING, INC dba: Animal World Bellapierre Picture World",
6648847410,Gotcha Bait Tackle,+19255849161
6648878231,"Task Gloves Corp[Nationwide, BOP]",
6653375837,"VALENZUELA, ANDRAYA R",
6654411654,Dumpling Depot [Midwest],
6655754377,RFM LLC [AmTrust],
6660347432,ROOTS BUSINESS GROUP INC,562-403-0033
6660404874,"FRESHSTOR, INC. ",800-574-5456
6661445480,Olympic Bike Shop,
6677375412,Vinnie S Pizzeria[MidWest],
6681135947,"GSLCK, LLC",
6683929447,"OTT, BARBARA DBA DIGITAL STITCHZ",(707) 426-9963
6683933573,DELHI BELLY LLC,(707) 343-1003
6683957036,LA PRINTS INC ,310-657-8058
6684323706,"MCNAMARA SPORTS CENTER, INC",(209) 722-3593
6689810613,Us Furniture [Employers],5596818725
6689988976,Torarenbou Sushi Bistro [Employers],
6694637835,PROMO STOCK USA ,(626) 330-1688
6696921485,FLORIANO'S MEXICAN FOOD,
6702214437,"SOURCE POINT PRODUCTS, INC",(951) 370-9816
6702358029,Left In Stitches Inc. ,
6702363750,"SANCHEZ, GABRIEL & ALVAREZ, MARIA dba: GM and GJ Cleaning [Employers]",
6702528638,SAM'S BANN THAI LLC,(951) 742-7694
6706036237,Gold Tree Manufacturing Inc [Employers],
6715662458,Little Ongpin,
6720751174,PEPIS SPORTS BAR & GRILL,
6727426569,Russell Jacobs Installs,
6730344838,SAMA INVESTMENTS INC,(818) 244-0411
6730407437,DISCOUNT HOBBY,(858) 560-9633
6734639182,AIR CONTROL SERVICES ,(916) 441-5222
6747723175,Cloutier Home LLC dba: Lainey S Furniture For Living [Employers],
6753470384,"SUBWAY ATWATER NO. 3, INC",(209) 676-4394
6753836564,JS DHILLON & SONS INC.,(209) 676-4394
6753836660,"SUBWAY SANDWICHES LIVINGSTON, INC.",
6753917225,SANTA NELLA 22501,(209) 676-4394
6754033944,Time 2 Paintball Inc,714.580.4930
6754834261,The Family Business Llc [Employers],
6761502231,Purus Inc.,
6763050163,The Specialists,9163487018
6769456569,Pizza Squared Dba [Glow],
6770108287,"NCSTAR, INC.",
6773277221,D-lightful Donuts LLC,
6774889816,Strong Arm Security Inc A Corp[Employers],
6774958991,"BLACK RABBIT SOCIETY, INC.",
6790070413,SUCCULENCE,
6790087430,"ITALIAN CONNECTION, INC.",
6796787792,"NAGAI, SEIJI",(949) 290-2562
6797193282,DIAMONDS BY MONET INC.,(951) 296-6363
6797228410,Harajuku Taproom  [AmTrust],
6797252674,"BABAIE, RUSSEL",(858) 578-6040
6797252706,STONE PRIDE INTERNATIONAL CORP ,(714) 827-7058
6797261975,"CHUON, SAVON",(415) 258-9202
6797271302,"RYBCZYNSKI, CHRISTA",(510) 540-0509
6805663154,SCD Enterprises,
6807267111,WILLIAM & MATILDA ATWOOD FAMILY TRUST  dba: Stowell Center Launderland[Employers],
6807351129,Parad Ice Shave Ice[Midwest],
6816133156,"IMAGE GEAR, INC.",
6817314911,EIG4831613 dba: Unique Wear[Employers],
6817973514,Uchiwa Ramen [AmTrust],
6831861366,Barbs Cakery And Edible Arrangements Dba[Midwest],
6833367058,Caveman Cavey S Pizza [Employers],
6834077294,GMFCEB Inc,+17149986271
6848493213,GRAINTEX INC.,(951) 674-7950
6848640921,"HOMETOWN CREAMERY, INC.",(415) 682-4977
6848729487,CRAFTSMAN JEWELRY CORPORATION,(562) 602-6500
6849081473,Clamps Unlimited Inc [Hartford],
6852006972,Vintage Arcade Superstore [Employers],
6852115088,"Italian Connection, Inc. DBA Bila[Glow]",
6857323149,Legends Comics Games [Employers],4084999265
6857369708,RPA International INC.,(626)448-1628
6862708107,Succulence[Glow],
6865186990,Nazdar Supply Inc [Glow],213-749-6828
6883517511,Julie Hatridge [AmTrust],
6899546804,Four Score Coffee House [Midwest],
6903024303,Hoobei Usa Inc [Employers],
6904167858,Niw Usa Dba[Employers],
6904681573,TGEG ,(626) 362-8328
6904735245,Subway - Jivani 5 Inc. ,(909) 796-5413
6908581158,"Larsen, John",
6908586816,"Quilter's Cottage, LLC",(760) 723-3060
6908844391,API PLUMBING & POOL SUPPLIES INC,(661)765-6171
6910576239,Fizz Llc[Amtrust],
6915356190,Sarom S Southern Kitchen [Midwest],
6917206371,"Vela, Carlos Dba E R Copies [Employers]",
6950787245,Rowie Apparel Inc,213.608.6111
6952192686,Pizzeria Bello Forno LLC,8058637047
6976993434,KFC MAYWOOD LLC,+16265790374
6987197036,"Hawaii Multi-Foods, Inc.",+17607295448
6987804245,"M2W Business, Inc.",14083202607
6988066881,THE SOURCE AUDIO VIDEO DESIGN,8007007029
6988378729,"JACOBSON, MARY (AN IND)",(760)729-0011
6995358786,Pizzeria Bello Forno LLC,(805)623-7111
7023841557,TWINS PLEATING & STITCHING INC,+13232682955
7024397221,"CARAIS, KEVIN (INDV)",71827920
7024592507,"LACAUSA, INC.",(626) 579-3151
7032210583,"UCLAGRAD90, LLC",(323) 591-0277
7066364160,GRACE SKYE LLC,+14156481545
7067134514,Fishy Finds LLC,18055264970
7073944693,TIPSY INC,(213) 494-4661
7079412494,"CEN-CAL REFRIGERATION, INC.",+15596818614
7085296669,ACCOMPANY USA INC.,(909) 595-0178
7113228674,Paredes Carpet & Flooring Inc,9096339668
7118566292,Wild Birds of San Diego Inc,6199132281
7137651821,The Wok Experience Inc,17146084598
7153523498,PRINTING CONNECTION INC,(951)351-9437
7158069352,"ENCINO PIZZA COOKERY, INC.",+18183456145
7158528841,GREENSPAN'S DEPARTMENT STORE,+13235665124
7166908009,JCS Fire ,9253897990
7174723875,AM Party Rentals Inc,650-537-7955
7176095820,CU ENTERPRISES LTD,18059626777
7194510593,"Louie's On Main, Inc",714-537-9946
7197236795,"COSTA, MICHELLE (AN INDIVIDUAL)",(209) 743-1490
7218643467,Petes Seafood and Sandwich,+1 619-255-8940
7221491098,Outer Rebel Inc,9492462421
7221808309,Golden Gate Landscape Management Inc,707-396-7632
7221924929,"Berza Partners, LLC",+18188325252
7228526383,Liquor Land Inc,5102899038
7238335100,Empire Wholesale Inc.,+12137485200
7260738850,CARNICERIA DON JUAN INC,415-908-3801
7306526893,CORONA ROSE FLOWERS INC,9517377270
7317337204,Beverly Hills Picture Framing LLC,3102784798
7318052411,Spirit Lace Enterprise Inc,2135507027
7318287429,LA TAVOLATA LLC,5629248000
7319065454,Professor Playground Inc,(925) 726-3269
7319544239,Unlimited Commercial Maintenance Inc,3106181422
7336717988,"PEREZ, FRANCISO",6504838232
7337732760,Fwp Us Inc,2137483117
7351240065,South Coast Sewing Company Inc,3103500535
7353633587,The Curious Palate Inc,3108903784
7375435905,Paper 360 Inc,9092185281
7377600151,Michele Vanderpool,5627668044
7379560884,Twin Dragon 2022 Inc,5303682068
7387454509,All State Utility Supply Inc,8055244064
7406470069,FEA Foods dba Wazabi Sushi,562 321-8813
7425471795,UNIVERSAL ART GALLERY INC,3103028909
7425473448,Unto Llc,3104289603
7426549865,"I Scream Scoops, LLC",4156226495
7436166999,"Sego Nursery, Inc",8187635711
7437162904,J. Offer Enterprises Llc,7148448749
